timestamp,volume,is_attack
2026-02-01 00:00:00,13.0,0.0
2026-02-01 00:01:00,12.02182069150927,0.0
2026-02-01 00:02:00,11.043641279120811,0.0
2026-02-01 00:03:00,17.065461658937394,0.0
2026-02-01 00:04:00,12.087281727062777,0.0
2026-02-01 00:05:00,13.1091013796022,0.0
2026-02-01 00:06:00,22.130920512662883,0.0
2026-02-01 00:07:00,16.152739022354517,0.0
2026-02-01 00:08:00,16.17455680478977,0.0
2026-02-01 00:09:00,15.19637375608476,0.0
2026-02-01 00:10:00,19.218189772359576,0.0
2026-02-01 00:11:00,21.24000474973875,0.0
2026-02-01 00:12:00,8.261818584351754,0.0
2026-02-01 00:13:00,15.283631172333521,0.0
2026-02-01 00:14:00,14.305442409824906,0.0
2026-02-01 00:15:00,15.327252192973194,0.0
2026-02-01 00:16:00,18.3490604179326,0.0
2026-02-01 00:17:00,13.370866980864754,0.0
2026-02-01 00:18:00,14.392671777939203,0.0
2026-02-01 00:19:00,13.414474705333902,0.0
2026-02-01 00:20:00,14.436275659235703,0.0
2026-02-01 00:21:00,13.45807453584086,0.0
2026-02-01 00:22:00,25.479871231355517,0.0
2026-02-01 00:23:00,15.501665641996203,0.0
2026-02-01 00:24:00,19.523457663990325,0.0
2026-02-01 00:25:00,18.545247193576664,0.0
2026-02-01 00:26:00,9.56703412700587,0.0
2026-02-01 00:27:00,12.588818360540952,0.0
2026-02-01 00:28:00,16.610599790457776,0.0
2026-02-01 00:29:00,12.632378313045553,0.0
2026-02-01 00:30:00,22.654153824607345,0.0
2026-02-01 00:31:00,14.675926221460546,0.0
2026-02-01 00:32:00,15.69769539993738,0.0
2026-02-01 00:33:00,14.719461256385397,0.0
2026-02-01 00:34:00,13.741223687167961,0.0
2026-02-01 00:35:00,13.762982588664753,0.0
2026-02-01 00:36:00,16.784737857272255,0.0
2026-02-01 00:37:00,7.806489389404242,0.0
2026-02-01 00:38:00,20.82823708149229,0.0
2026-02-01 00:39:00,14.849980829986253,0.0
2026-02-01 00:40:00,13.871720531354761,0.0
2026-02-01 00:41:00,14.89345608208572,0.0
2026-02-01 00:42:00,16.91518737868679,0.0
2026-02-01 00:43:00,15.936914317685897,0.0
2026-02-01 00:44:00,15.958636795631708,0.0
2026-02-01 00:45:00,16.980354709094136,0.0
2026-02-01 00:46:00,16.00206795466482,0.0
2026-02-01 00:47:00,12.023776428957634,0.0
2026-02-01 00:48:00,22.045480028609163,0.0
2026-02-01 00:49:00,14.067178650279207,0.0
2026-02-01 00:50:00,15.088872190651264,0.0
2026-02-01 00:51:00,16.11056054643303,0.0
2026-02-01 00:52:00,10.13224361435689,0.0
2026-02-01 00:53:00,21.153921291180396,0.0
2026-02-01 00:54:00,17.17559347368678,0.0
2026-02-01 00:55:00,14.197260058685428,0.0
2026-02-01 00:56:00,17.21892094301238,0.0
2026-02-01 00:57:00,17.240576023530828,0.0
2026-02-01 00:58:00,16.26222519713158,0.0
2026-02-01 00:59:00,20.28386836073359,0.0
2026-02-01 01:00:00,22.305505411284408,0.0
2026-02-01 01:01:00,13.327136245760707,0.0
2026-02-01 01:02:00,12.348760761168752,0.0
2026-02-01 01:03:00,20.370378854544892,0.0
2026-02-01 01:04:00,15.391990422956061,0.0
2026-02-01 01:05:00,16.413595363500256,0.0
2026-02-01 01:06:00,18.435193573307032,0.0
2026-02-01 01:07:00,17.456784949537997,0.0
2026-02-01 01:08:00,21.478369389387293,0.0
2026-02-01 01:09:00,15.499946790082085,0.0
2026-02-01 01:10:00,21.521517048883062,0.0
2026-02-01 01:11:00,21.543080063084915,0.0
2026-02-01 01:12:00,19.56463573001683,0.0
2026-02-01 01:13:00,18.586183947042976,0.0
2026-02-01 01:14:00,20.607724611562997,0.0
2026-02-01 01:15:00,15.629257621012492,0.0
2026-02-01 01:16:00,18.650782872863516,0.0
2026-02-01 01:17:00,19.672300264625058,0.0
2026-02-01 01:18:00,13.693809693843527,0.0
2026-02-01 01:19:00,15.715311058103257,0.0
2026-02-01 01:20:00,10.736804255026971,0.0
2026-02-01 01:21:00,18.75828918227629,0.0
2026-02-01 01:22:00,21.779765737552204,0.0
2026-02-01 01:23:00,15.801233818595563,0.0
2026-02-01 01:24:00,24.822693323187575,0.0
2026-02-01 01:25:00,19.84414414915028,0.0
2026-02-01 01:26:00,18.865586194347042,0.0
2026-02-01 01:27:00,20.887019356683027,0.0
2026-02-01 01:28:00,16.908443534105707,0.0
2026-02-01 01:29:00,18.92985862460533,0.0
2026-02-01 01:30:00,16.951264526215407,0.0
2026-02-01 01:31:00,13.972661137013208,0.0
2026-02-01 01:32:00,19.99404835512024,0.0
2026-02-01 01:33:00,14.01542607870272,0.0
2026-02-01 01:34:00,15.036794205972093,0.0
2026-02-01 01:35:00,8.05815263518548,0.0
2026-02-01 01:36:00,25.07950126464619,0.0
2026-02-01 01:37:00,15.10083999270418,0.0
2026-02-01 01:38:00,12.122168717756566,0.0
2026-02-01 01:39:00,15.143487338248082,0.0
2026-02-01 01:40:00,20.16479575267158,0.0
2026-02-01 01:41:00,17.186093859568505,0.0
2026-02-01 01:42:00,15.207381557529377,0.0
2026-02-01 01:43:00,13.228658745194288,0.0
2026-02-01 01:44:00,22.24992532125336,0.0
2026-02-01 01:45:00,13.27118118444726,0.0
2026-02-01 01:46:00,13.292426233567642,0.0
2026-02-01 01:47:00,19.313660367457665,0.0
2026-02-01 01:48:00,18.33488348501246,0.0
2026-02-01 01:49:00,14.356095485179598,0.0
2026-02-01 01:50:00,11.377296266959604,0.0
2026-02-01 01:51:00,22.398485729406403,0.0
2026-02-01 01:52:00,14.419663771627826,0.0
2026-02-01 01:53:00,9.440830292786075,0.0
2026-02-01 01:54:00,13.46198519209821,0.0
2026-02-01 01:55:00,16.483128368836628,0.0
2026-02-01 01:56:00,17.504259722329543,0.0
2026-02-01 01:57:00,20.525379151961467,0.0
2026-02-01 01:58:00,18.546486557173676,0.0
2026-02-01 01:59:00,19.567581837464715,0.0
2026-02-01 02:00:00,16.58866489239085,0.0
2026-02-01 02:01:00,19.609735621566557,0.0
2026-02-01 02:02:00,19.63079392466501,0.0
2026-02-01 02:03:00,12.651839701418538,0.0
2026-02-01 02:04:00,17.67287285161912,0.0
2026-02-01 02:05:00,14.693893275118846,0.0
2026-02-01 02:06:00,23.714900871830423,0.0
2026-02-01 02:07:00,12.735895541727608,0.0
2026-02-01 02:08:00,20.756877184845727,0.0
2026-02-01 02:09:00,11.777845701282121,0.0
2026-02-01 02:10:00,22.798800991196636,0.0
2026-02-01 02:11:00,24.8197429548121,0.0
2026-02-01 02:12:00,18.840671492414785,0.0
2026-02-01 02:13:00,20.861586504354893,0.0
2026-02-01 02:14:00,18.88248789104703,0.0
2026-02-01 02:15:00,27.90337555297068,0.0
2026-02-01 02:16:00,16.924249390670667,0.0
2026-02-01 02:17:00,18.945109304757644,0.0
2026-02-01 02:18:00,11.965955195908563,0.0
2026-02-01 02:19:00,22.98678696486714,0.0
2026-02-01 02:20:00,24.00760451244434,0.0
2026-02-01 02:21:00,18.02840773951883,0.0
2026-02-01 02:22:00,22.049196547037475,0.0
2026-02-01 02:23:00,23.06997083601579,0.0
2026-02-01 02:24:00,25.090730507538428,0.0
2026-02-01 02:25:00,21.111475462759632,0.0
2026-02-01 02:26:00,22.132205602903717,0.0
2026-02-01 02:27:00,26.152920829265547,0.0
2026-02-01 02:28:00,17.173621043210993,0.0
2026-02-01 02:29:00,22.194306146177396,0.0
2026-02-01 02:30:00,18.214976039674067,0.0
2026-02-01 02:31:00,17.23563062528272,0.0
2026-02-01 02:32:00,14.256269804657963,0.0
2026-02-01 02:33:00,17.276893479527757,0.0
2026-02-01 02:34:00,11.297501551693887,0.0
2026-02-01 02:35:00,22.318093923032432,0.0
2026-02-01 02:36:00,13.338670495494226,0.0
2026-02-01 02:37:00,15.359231171105332,0.0
2026-02-01 02:38:00,19.3797758519675,0.0
2026-02-01 02:39:00,13.400304440258644,0.0
2026-02-01 02:40:00,16.420816838233293,0.0
2026-02-01 02:41:00,19.44131294822308,0.0
2026-02-01 02:42:00,20.461792672637166,0.0
2026-02-01 02:43:00,16.482255913962764,0.0
2026-02-01 02:44:00,9.502702574765543,0.0
2026-02-01 02:45:00,22.523132557690133,0.0
2026-02-01 02:46:00,20.543545765460568,0.0
2026-02-01 02:47:00,14.563942100880762,0.0
2026-02-01 02:48:00,13.584321466834961,0.0
2026-02-01 02:49:00,10.604683766288211,0.0
2026-02-01 02:50:00,22.62502890228682,0.0
2026-02-01 02:51:00,20.645356777958817,0.0
2026-02-01 02:52:00,14.66566729651441,0.0
2026-02-01 02:53:00,18.685960361246465,0.0
2026-02-01 02:54:00,18.706235875530943,0.0
2026-02-01 02:55:00,18.726493742827376,0.0
2026-02-01 02:56:00,19.74673386667931,0.0
2026-02-01 02:57:00,14.766956150714787,0.0
2026-02-01 02:58:00,22.787160498646788,0.0
2026-02-01 02:59:00,13.807346814273695,0.0
2026-02-01 03:00:00,13.82751500147975,0.0
2026-02-01 03:01:00,19.847664964235513,0.0
2026-02-01 03:02:00,14.867796606598315,0.0
2026-02-01 03:03:00,18.887909832712722,0.0
2026-02-01 03:04:00,16.90800454681099,0.0
2026-02-01 03:05:00,20.928080653213513,0.0
2026-02-01 03:06:00,15.948138056329286,0.0
2026-02-01 03:07:00,16.96817666065636,0.0
2026-02-01 03:08:00,17.988196370782294,0.0
2026-02-01 03:09:00,27.00819709138461,0.0
2026-02-01 03:10:00,16.028178727231246,0.0
2026-02-01 03:11:00,19.048141183181016,0.0
2026-02-01 03:12:00,13.068084364184056,0.0
2026-02-01 03:13:00,14.088008175282273,0.0
2026-02-01 03:14:00,21.10791252160981,0.0
2026-02-01 03:15:00,19.12779730839348,0.0
2026-02-01 03:16:00,12.147662440953237,0.0
2026-02-01 03:17:00,17.167507824702618,0.0
2026-02-01 03:18:00,17.187333365149186,0.0
2026-02-01 03:19:00,16.20713896789499,0.0
2026-02-01 03:20:00,26.226924538637007,0.0
2026-02-01 03:21:00,17.246689983167602,0.0
2026-02-01 03:22:00,17.266435207374965,0.0
2026-02-01 03:23:00,19.286160117243565,0.0
2026-02-01 03:24:00,13.305864618854592,0.0
2026-02-01 03:25:00,23.325548618386417,0.0
2026-02-01 03:26:00,17.34521202211502,0.0
2026-02-01 03:27:00,15.364854736414461,0.0
2026-02-01 03:28:00,18.384476667757298,0.0
2026-02-01 03:29:00,18.404077722715044,0.0
2026-02-01 03:30:00,18.42365780795863,0.0
2026-02-01 03:31:00,25.443216830258816,0.0
2026-02-01 03:32:00,16.46275469648666,0.0
2026-02-01 03:33:00,19.48227131361395,0.0
2026-02-01 03:34:00,21.50176658871365,0.0
2026-02-01 03:35:00,21.52124042896035,0.0
2026-02-01 03:36:00,15.54069274163069,0.0
2026-02-01 03:37:00,18.56012343410382,0.0
2026-02-01 03:38:00,13.579532413861823,0.0
2026-02-01 03:39:00,14.59891958849018,0.0
2026-02-01 03:40:00,19.618284865678184,0.0
2026-02-01 03:41:00,14.637628153219396,0.0
2026-02-01 03:42:00,16.65694935901208,0.0
2026-02-01 03:43:00,19.676248391059637,0.0
2026-02-01 03:44:00,21.69552515747105,0.0
2026-02-01 03:45:00,22.714779566461317,0.0
2026-02-01 03:46:00,19.734011526351885,0.0
2026-02-01 03:47:00,25.75322094557111,0.0
2026-02-01 03:48:00,19.772407732654642,0.0
2026-02-01 03:49:00,15.791571796245915,0.0
2026-02-01 03:50:00,15.81071304509656,0.0
2026-02-01 03:51:00,24.829831388066825,0.0
2026-02-01 03:52:00,19.84892673412604,0.0
2026-02-01 03:53:00,19.86799899235301,0.0
2026-02-01 03:54:00,22.887048071936498,0.0
2026-02-01 03:55:00,20.90607388217561,0.0
2026-02-01 03:56:00,24.92507633248026,0.0
2026-02-01 03:57:00,19.944055332371576,0.0
2026-02-01 03:58:00,19.963010791482358,0.0
2026-02-01 03:59:00,19.981942619557483,0.0
2026-02-01 04:00:00,23.000850726454352,0.0
2026-02-01 04:01:00,33.01973502214331,0.0
2026-02-01 04:02:00,21.038595416708077,0.0
2026-02-01 04:03:00,21.057431820346174,0.0
2026-02-01 04:04:00,21.07624414336936,0.0
2026-02-01 04:05:00,18.09503229620405,0.0
2026-02-01 04:06:00,17.113796189391742,0.0
2026-02-01 04:07:00,22.13253573358944,0.0
2026-02-01 04:08:00,25.151250839570093,0.0
2026-02-01 04:09:00,29.169941418223004,0.0
2026-02-01 04:10:00,18.188607380554267,0.0
2026-02-01 04:11:00,12.207248637687183,0.0
2026-02-01 04:12:00,22.225865100862677,0.0
2026-02-01 04:13:00,19.244456681439743,0.0
2026-02-01 04:14:00,21.263023290895845,0.0
2026-02-01 04:15:00,22.281564840827343,0.0
2026-02-01 04:16:00,23.300081242949915,0.0
2026-02-01 04:17:00,26.318572409098984,0.0
2026-02-01 04:18:00,20.337038251230126,0.0
2026-02-01 04:19:00,21.355478681419505,0.0
2026-02-01 04:20:00,14.37389361186428,0.0
2026-02-01 04:21:00,14.392282954883015,0.0
2026-02-01 04:22:00,24.41064662291612,0.0
2026-02-01 04:23:00,21.428984528526236,0.0
2026-02-01 04:24:00,20.4472965843987,0.0
2026-02-01 04:25:00,25.465582703341898,0.0
2026-02-01 04:26:00,12.48384279828774,0.0
2026-02-01 04:27:00,12.502076782292026,0.0
2026-02-01 04:28:00,15.520284568534898,0.0
2026-02-01 04:29:00,28.538466070321228,0.0
2026-02-01 04:30:00,22.55662120108104,0.0
2026-02-01 04:31:00,19.574749874369925,0.0
2026-02-01 04:32:00,20.59285200386945,0.0
2026-02-01 04:33:00,22.61092750338756,0.0
2026-02-01 04:34:00,19.62897628685901,0.0
2026-02-01 04:35:00,15.646998268345753,0.0
2026-02-01 04:36:00,20.664993362037357,0.0
2026-02-01 04:37:00,13.682961482251418,0.0
2026-02-01 04:38:00,20.700902543433966,0.0
2026-02-01 04:39:00,20.718816460159864,0.0
2026-02-01 04:40:00,17.73670314713323,0.0
2026-02-01 04:41:00,28.754562519187825,0.0
2026-02-01 04:42:00,21.77239449128748,0.0
2026-02-01 04:43:00,17.790198978526476,0.0
2026-02-01 04:44:00,20.807975896129967,0.0
2026-02-01 04:45:00,17.825725159454386,0.0
2026-02-01 04:46:00,19.843446683987825,0.0
2026-02-01 04:47:00,18.861140385350463,0.0
2026-02-01 04:48:00,21.878806179294955,0.0
2026-02-01 04:49:00,19.89644398170683,0.0
2026-02-01 04:50:00,14.914053708604907,0.0
2026-02-01 04:51:00,18.931635276141673,0.0
2026-02-01 04:52:00,24.9491886006037,0.0
2026-02-01 04:53:00,20.966713598412042,0.0
2026-02-01 04:54:00,19.98421018612262,0.0
2026-02-01 04:55:00,24.001678280426628,0.0
2026-02-01 04:56:00,25.019117798150937,0.0
2026-02-01 04:57:00,13.03652865625848,0.0
2026-02-01 04:58:00,25.053910771848642,0.0
2026-02-01 04:59:00,18.07126406215768,0.0
2026-02-01 05:00:00,21.088588444559086,0.0
2026-02-01 05:01:00,22.105883836564004,0.0
2026-02-01 05:02:00,21.123150155821605,0.0
2026-02-01 05:03:00,23.140387320119505,0.0
2026-02-01 05:04:00,20.157595247384116,0.0
2026-02-01 05:05:00,18.174773855681078,0.0
2026-02-01 05:06:00,17.191923063215626,0.0
2026-02-01 05:07:00,20.20904278833298,0.0
2026-02-01 05:08:00,21.226132949518743,0.0
2026-02-01 05:09:00,22.243193465399287,0.0
2026-02-01 05:10:00,15.260224254742134,0.0
2026-02-01 05:11:00,26.27722523645635,0.0
2026-02-01 05:12:00,17.29419632959292,0.0
2026-02-01 05:13:00,19.31113745334515,0.0
2026-02-01 05:14:00,22.328048527049045,0.0
2026-02-01 05:15:00,26.344929470183683,0.0
2026-02-01 05:16:00,23.361780202371612,0.0
2026-02-01 05:17:00,18.378600643379222,0.0
2026-02-01 05:18:00,28.395390713117145,0.0
2026-02-01 05:19:00,20.412150331640603,0.0
2026-02-01 05:20:00,18.42887941914983,0.0
2026-02-01 05:21:00,20.44557789599042,0.0
2026-02-01 05:22:00,17.462245682653723,0.0
2026-02-01 05:23:00,29.47888269977721,0.0
2026-02-01 05:24:00,18.495488868144868,0.0
2026-02-01 05:25:00,17.512064108687564,0.0
2026-02-01 05:26:00,27.528608342483427,0.0
2026-02-01 05:27:00,23.54512149075822,0.0
2026-02-01 05:28:00,25.56160347488572,0.0
2026-02-01 05:29:00,14.578054216388093,0.0
2026-02-01 05:30:00,21.59447363693626,0.0
2026-02-01 05:31:00,21.61086165835027,0.0
2026-02-01 05:32:00,20.62721820259969,0.0
2026-02-01 05:33:00,13.643543191803952,0.0
2026-02-01 05:34:00,21.659836548232736,0.0
2026-02-01 05:35:00,14.676098194306348,0.0
2026-02-01 05:36:00,20.692328052596075,0.0
2026-02-01 05:37:00,24.708526045824556,0.0
2026-02-01 05:38:00,20.724692096866157,0.0
2026-02-01 05:39:00,23.740826128747333,0.0
2026-02-01 05:40:00,22.756928064647003,0.0
2026-02-01 05:41:00,16.772997827896894,0.0
2026-02-01 05:42:00,16.789035341981943,0.0
2026-02-01 05:43:00,17.805040530540612,0.0
2026-02-01 05:44:00,25.8210133173653,0.0
2026-02-01 05:45:00,26.836953626402682,0.0
2026-02-01 05:46:00,17.852861381754057,0.0
2026-02-01 05:47:00,21.86873650767575,0.0
2026-02-01 05:48:00,21.88457892857943,0.0
2026-02-01 05:49:00,23.9003885690325,0.0
2026-02-01 05:50:00,15.916165353758437,0.0
2026-02-01 05:51:00,23.93190920763717,0.0
2026-02-01 05:52:00,18.947620055705407,0.0
2026-02-01 05:53:00,25.963297823157028,0.0
2026-02-01 05:54:00,24.978942435343416,0.0
2026-02-01 05:55:00,19.994553817773827,0.0
2026-02-01 05:56:00,19.01013189611573,0.0
2026-02-01 05:57:00,21.025676596195172,0.0
2026-02-01 05:58:00,17.041187843997132,0.0
2026-02-01 05:59:00,20.056665565665867,0.0
2026-02-01 06:00:00,24.072109687505264,0.0
2026-02-01 06:01:00,25.087520135979197,0.0
2026-02-01 06:02:00,23.102896837711867,0.0
2026-02-01 06:03:00,23.118239719488173,0.0
2026-02-01 06:04:00,23.13354870825403,0.0
2026-02-01 06:05:00,25.148823731116735,0.0
2026-02-01 06:06:00,23.164064715345315,0.0
2026-02-01 06:07:00,24.17927158837087,0.0
2026-02-01 06:08:00,17.194444277786918,0.0
2026-02-01 06:09:00,22.209582711349736,0.0
2026-02-01 06:10:00,25.224686816978707,0.0
2026-02-01 06:11:00,19.239756522756675,0.0
2026-02-01 06:12:00,24.254791756930263,0.0
2026-02-01 06:13:00,30.269792447910238,0.0
2026-02-01 06:14:00,22.284758524271837,0.0
2026-02-01 06:15:00,16.299689914755113,0.0
2026-02-01 06:16:00,22.31458654826527,0.0
2026-02-01 06:17:00,18.32944835387302,0.0
2026-02-01 06:18:00,23.344275260814882,0.0
2026-02-01 06:19:00,18.35906719849356,0.0
2026-02-01 06:20:00,23.373824096478256,0.0
2026-02-01 06:21:00,23.388545884505014,0.0
2026-02-01 06:22:00,22.40323249247705,0.0
2026-02-01 06:23:00,22.41788385046508,0.0
2026-02-01 06:24:00,18.432499888707678,0.0
2026-02-01 06:25:00,20.44708053761157,0.0
2026-02-01 06:26:00,18.461625727752004,0.0
2026-02-01 06:27:00,16.476135389873047,0.0
2026-02-01 06:28:00,25.490609454887945,0.0
2026-02-01 06:29:00,30.50504785387942,0.0
2026-02-01 06:30:00,19.519450518100037,0.0
2026-02-01 06:31:00,23.533817378972486,0.0
2026-02-01 06:32:00,20.54814836808995,0.0
2026-02-01 06:33:00,23.562443417216407,0.0
2026-02-01 06:34:00,19.57670245828696,0.0
2026-02-01 06:35:00,18.59092542340816,0.0
2026-02-01 06:36:00,18.605112244858336,0.0
2026-02-01 06:37:00,18.61926285508791,0.0
2026-02-01 06:38:00,29.63337718671972,0.0
2026-02-01 06:39:00,25.647455172549346,0.0
2026-02-01 06:40:00,19.66149674554542,0.0
2026-02-01 06:41:00,21.67550183884996,0.0
2026-02-01 06:42:00,25.68947038577867,0.0
2026-02-01 06:43:00,26.703402319821272,0.0
2026-02-01 06:44:00,21.717297574641815,0.0
2026-02-01 06:45:00,16.731156084079004,0.0
2026-02-01 06:46:00,23.744977782146485,0.0
2026-02-01 06:47:00,30.7587626030332,0.0
2026-02-01 06:48:00,21.772510481103666,0.0
2026-02-01 06:49:00,24.786221350898302,0.0
2026-02-01 06:50:00,19.79989514713374,0.0
2026-02-01 06:51:00,27.813531804703143,0.0
2026-02-01 06:52:00,19.827131258676495,0.0
2026-02-01 06:53:00,19.840693444300932,0.0
2026-02-01 06:54:00,25.854218297001033,0.0
2026-02-01 06:55:00,26.867705752379145,0.0
2026-02-01 06:56:00,27.881155746215665,0.0
2026-02-01 06:57:00,29.894568214469377,0.0
2026-02-01 06:58:00,18.90794309327773,0.0
2026-02-01 06:59:00,21.921280318957155,0.0
2026-02-01 07:00:00,24.93457982800337,0.0
2026-02-01 07:01:00,28.947841557091667,0.0
2026-02-01 07:02:00,29.96106544307724,0.0
2026-02-01 07:03:00,23.974251422995458,0.0
2026-02-01 07:04:00,20.98739943406218,0.0
2026-02-01 07:05:00,18.00050941367406,0.0
2026-02-01 07:06:00,19.01358129940882,0.0
2026-02-01 07:07:00,19.026615029025574,0.0
2026-02-01 07:08:00,24.03961054046512,0.0
2026-02-01 07:09:00,20.052567771850207,0.0
2026-02-01 07:10:00,31.06548666148588,0.0
2026-02-01 07:11:00,22.078367147859723,0.0
2026-02-01 07:12:00,18.09120916964219,0.0
2026-02-01 07:13:00,20.104012665686867,0.0
2026-02-01 07:14:00,35.116777575030795,0.0
2026-02-01 07:15:00,22.12950383689472,0.0
2026-02-01 07:16:00,32.14219139068342,0.0
2026-02-01 07:17:00,13.154840175985996,0.0
2026-02-01 07:18:00,18.167450132576107,0.0
2026-02-01 07:19:00,19.18002120041231,0.0
2026-02-01 07:20:00,26.192553319638332,0.0
2026-02-01 07:21:00,24.205046430583344,0.0
2026-02-01 07:22:00,25.217500473762257,0.0
2026-02-01 07:23:00,28.229915389875995,0.0
2026-02-01 07:24:00,27.24229111981179,0.0
2026-02-01 07:25:00,23.254627604643446,0.0
2026-02-01 07:26:00,19.26692478563164,0.0
2026-02-01 07:27:00,23.27918260422419,0.0
2026-02-01 07:28:00,21.291401002056332,0.0
2026-02-01 07:29:00,20.303579920951,0.0
2026-02-01 07:30:00,19.315719302919106,0.0
2026-02-01 07:31:00,22.32781909015982,0.0
2026-02-01 07:32:00,25.339879225060827,0.0
2026-02-01 07:33:00,24.351899650198632,0.0
2026-02-01 07:34:00,23.363880308338793,0.0
2026-02-01 07:35:00,20.375821142436234,0.0
2026-02-01 07:36:00,18.38772209563549,0.0
2026-02-01 07:37:00,24.399583111270992,0.0
2026-02-01 07:38:00,28.411404132867325,0.0
2026-02-01 07:39:00,30.4231851041395,0.0
2026-02-01 07:40:00,39.43492596899324,0.0
2026-02-01 07:41:00,26.44662667152521,0.0
2026-02-01 07:42:00,26.458287156023324,0.0
2026-02-01 07:43:00,18.469907366966986,0.0
2026-02-01 07:44:00,21.481487249027357,0.0
2026-02-01 07:45:00,29.493026747067617,0.0
2026-02-01 07:46:00,23.504525806143246,0.0
2026-02-01 07:47:00,22.515984371502256,0.0
2026-02-01 07:48:00,25.527402388585475,0.0
2026-02-01 07:49:00,21.5387798030268,0.0
2026-02-01 07:50:00,20.550116560653443,0.0
2026-02-01 07:51:00,24.561412607486222,0.0
2026-02-01 07:52:00,20.57266788973978,0.0
2026-02-01 07:53:00,17.583882353822858,0.0
2026-02-01 07:54:00,26.595055946338558,0.0
2026-02-01 07:55:00,24.606188614084584,0.0
2026-02-01 07:56:00,25.6172803040535,0.0
2026-02-01 07:57:00,22.628330963432994,0.0
2026-02-01 07:58:00,25.639340539606096,0.0
2026-02-01 07:59:00,28.650308980151472,0.0
2026-02-01 08:00:00,19.66123623284364,0.0
2026-02-01 08:01:00,18.672122245653235,0.0
2026-02-01 08:02:00,24.68296696674726,0.0
2026-02-01 08:03:00,20.69377034448931,0.0
2026-02-01 08:04:00,22.70453232743985,0.0
2026-02-01 08:05:00,27.71525286435643,0.0
2026-02-01 08:06:00,23.72593190419395,0.0
2026-02-01 08:07:00,26.736569396104898,0.0
2026-02-01 08:08:00,23.74716528943958,0.0
2026-02-01 08:09:00,27.757719533746382,0.0
2026-02-01 08:10:00,21.768232078771987,0.0
2026-02-01 08:11:00,24.778702874461636,0.0
2026-02-01 08:12:00,18.789131870959352,0.0
2026-02-01 08:13:00,16.799519018608187,0.0
2026-02-01 08:14:00,25.809864267950445,0.0
2026-02-01 08:15:00,27.82016756972793,0.0
2026-02-01 08:16:00,25.83042887488218,0.0
2026-02-01 08:17:00,21.84064813455469,0.0
2026-02-01 08:18:00,22.85082530008716,0.0
2026-02-01 08:19:00,23.860960323021715,0.0
2026-02-01 08:20:00,22.87105315510113,0.0
2026-02-01 08:21:00,33.881103748269084,0.0
2026-02-01 08:22:00,22.891112054670366,0.0
2026-02-01 08:23:00,24.901078026651113,0.0
2026-02-01 08:24:00,24.911001616759023,0.0
2026-02-01 08:25:00,26.920882777743614,0.0
2026-02-01 08:26:00,20.930721462556406,0.0
2026-02-01 08:27:00,24.940517624351184,0.0
2026-02-01 08:28:00,25.95027121648419,0.0
2026-02-01 08:29:00,26.95998219251436,0.0
2026-02-01 08:30:00,34.96965050620356,0.0
2026-02-01 08:31:00,25.97927611151676,0.0
2026-02-01 08:32:00,25.988858962622313,0.0
2026-02-01 08:33:00,21.998399013892126,0.0
2026-02-01 08:34:00,30.0078962199019,0.0
2026-02-01 08:35:00,20.01735053543134,0.0
2026-02-01 08:36:00,28.02676191546437,0.0
2026-02-01 08:37:00,33.03613031518935,0.0
2026-02-01 08:38:00,24.045455689999283,0.0
2026-02-01 08:39:00,29.05473799549204,0.0
2026-02-01 08:40:00,23.06397718747056,0.0
2026-02-01 08:41:00,25.07317322194306,0.0
2026-02-01 08:42:00,23.082326055123257,0.0
2026-02-01 08:43:00,31.09143564343056,0.0
2026-02-01 08:44:00,19.100501943490293,0.0
2026-02-01 08:45:00,22.109524912133885,0.0
2026-02-01 08:46:00,26.118504506399088,0.0
2026-02-01 08:47:00,25.127440683530185,0.0
2026-02-01 08:48:00,31.136333400978177,0.0
2026-02-01 08:49:00,25.145182616401005,0.0
2026-02-01 08:50:00,20.15398828766373,0.0
2026-02-01 08:51:00,25.16275037283875,0.0
2026-02-01 08:52:00,24.17146883020601,0.0
2026-02-01 08:53:00,20.18014361825316,0.0
2026-02-01 08:54:00,30.188774695675797,0.0
2026-02-01 08:55:00,22.197362021377636,0.0
2026-02-01 08:56:00,18.205905554470714,0.0
2026-02-01 08:57:00,19.214405254275587,0.0
2026-02-01 08:58:00,19.222861080321515,0.0
2026-02-01 08:59:00,20.23127299234666,0.0
2026-02-01 09:00:00,29.23964095029828,0.0
2026-02-01 09:01:00,22.24796491433292,0.0
2026-02-01 09:02:00,25.256244844816592,0.0
2026-02-01 09:03:00,24.264480702324978,0.0
2026-02-01 09:04:00,26.272672447643608,0.0
2026-02-01 09:05:00,20.28082004176804,0.0
2026-02-01 09:06:00,25.288923445904075,0.0
2026-02-01 09:07:00,28.296982621467897,0.0
2026-02-01 09:08:00,23.304997530086304,0.0
2026-02-01 09:09:00,18.31296813359686,0.0
2026-02-01 09:10:00,19.320894394048075,0.0
2026-02-01 09:11:00,28.328776273699603,0.0
2026-02-01 09:12:00,32.33661373502242,0.0
2026-02-01 09:13:00,25.344406740698982,0.0
2026-02-01 09:14:00,23.35215525362344,0.0
2026-02-01 09:15:00,31.35985923690177,0.0
2026-02-01 09:16:00,27.367518653851988,0.0
2026-02-01 09:17:00,26.375133468004307,0.0
2026-02-01 09:18:00,29.382703643101312,0.0
2026-02-01 09:19:00,16.39022914309813,0.0
2026-02-01 09:20:00,24.397709932162606,0.0
2026-02-01 09:21:00,23.405145974675477,0.0
2026-02-01 09:22:00,18.412537235230545,0.0
2026-02-01 09:23:00,25.419883678634818,0.0
2026-02-01 09:24:00,26.427185269908712,0.0
2026-02-01 09:25:00,28.43444197428621,0.0
2026-02-01 09:26:00,20.441653757215,0.0
2026-02-01 09:27:00,21.448820584356675,0.0
2026-02-01 09:28:00,26.455942421586883,0.0
2026-02-01 09:29:00,15.463019234995484,0.0
2026-02-01 09:30:00,22.470050990886712,0.0
2026-02-01 09:31:00,27.47703765577934,0.0
2026-02-01 09:32:00,23.483979196406857,0.0
2026-02-01 09:33:00,24.490875579717574,0.0
2026-02-01 09:34:00,32.49772677287485,0.0
2026-02-01 09:35:00,25.504532743257187,0.0
2026-02-01 09:36:00,22.511293458458432,0.0
2026-02-01 09:37:00,27.5180088862879,0.0
2026-02-01 09:38:00,28.524678994770543,0.0
2026-02-01 09:39:00,22.531303752147096,0.0
2026-02-01 09:40:00,19.537883126874227,0.0
2026-02-01 09:41:00,21.5444170876247,0.0
2026-02-01 09:42:00,18.550905603287504,0.0
2026-02-01 09:43:00,21.557348642968023,0.0
2026-02-01 09:44:00,24.563746175988157,0.0
2026-02-01 09:45:00,30.5700981718865,0.0
2026-02-01 09:46:00,16.57640460041845,0.0
2026-02-01 09:47:00,30.582665431556386,0.0
2026-02-01 09:48:00,26.588880635489787,0.0
2026-02-01 09:49:00,23.595050182625386,0.0
2026-02-01 09:50:00,25.60117404358731,0.0
2026-02-01 09:51:00,19.60725218921721,0.0
2026-02-01 09:52:00,31.613284590574416,0.0
2026-02-01 09:53:00,25.619271218936063,0.0
2026-02-01 09:54:00,21.625212045797227,0.0
2026-02-01 09:55:00,19.63110704287107,0.0
2026-02-01 09:56:00,19.636956182088966,0.0
2026-02-01 09:57:00,30.64275943560064,0.0
2026-02-01 09:58:00,22.648516775774304,0.0
2026-02-01 09:59:00,27.65422817519677,0.0
2026-02-01 10:00:00,526.6598936066736,1.0
2026-02-01 10:01:00,521.6655130432292,1.0
2026-02-01 10:02:00,521.6710864581071,1.0
2026-02-01 10:03:00,527.6766138247698,1.0
2026-02-01 10:04:00,519.6820951168992,1.0
2026-02-01 10:05:00,528.6875303083963,1.0
2026-02-01 10:06:00,527.692919373382,1.0
2026-02-01 10:07:00,524.6982622861966,1.0
2026-02-01 10:08:00,524.7035590214001,1.0
2026-02-01 10:09:00,522.7088095537725,1.0
2026-02-01 10:10:00,26.71401385831394,0.0
2026-02-01 10:11:00,28.71917191024422,0.0
2026-02-01 10:12:00,20.724283685003734,0.0
2026-02-01 10:13:00,22.729349158253104,0.0
2026-02-01 10:14:00,16.73436830587343,0.0
2026-02-01 10:15:00,23.73934110396639,0.0
2026-02-01 10:16:00,25.744267528854337,0.0
2026-02-01 10:17:00,31.74914755708044,0.0
2026-02-01 10:18:00,19.75398116540879,0.0
2026-02-01 10:19:00,20.758768330824473,0.0
2026-02-01 10:20:00,25.763509030533747,0.0
2026-02-01 10:21:00,26.768203241964088,0.0
2026-02-01 10:22:00,20.77285094276432,0.0
2026-02-01 10:23:00,18.777452110804756,0.0
2026-02-01 10:24:00,29.78200672417723,0.0
2026-02-01 10:25:00,21.786514761195274,0.0
2026-02-01 10:26:00,24.790976200394176,0.0
2026-02-01 10:27:00,25.795391020531095,0.0
2026-02-01 10:28:00,26.79975920058517,0.0
2026-02-01 10:29:00,25.804080719757618,0.0
2026-02-01 10:30:00,17.808355557471813,0.0
2026-02-01 10:31:00,26.81258369337341,0.0
2026-02-01 10:32:00,30.81676510733043,0.0
2026-02-01 10:33:00,25.820899779433358,0.0
2026-02-01 10:34:00,24.824987689995236,0.0
2026-02-01 10:35:00,30.82902881955176,0.0
2026-02-01 10:36:00,22.833023148861365,0.0
2026-02-01 10:37:00,25.83697065890533,0.0
2026-02-01 10:38:00,24.84087133088785,0.0
2026-02-01 10:39:00,19.84472514623615,0.0
2026-02-01 10:40:00,23.84853208660055,0.0
2026-02-01 10:41:00,27.852292133854565,0.0
2026-02-01 10:42:00,28.856005270094983,0.0
2026-02-01 10:43:00,21.859671477641964,0.0
2026-02-01 10:44:00,21.863290739039115,0.0
2026-02-01 10:45:00,23.866863037053566,0.0
2026-02-01 10:46:00,29.870388354676066,0.0
2026-02-01 10:47:00,19.873866675121057,0.0
2026-02-01 10:48:00,16.877297981826757,0.0
2026-02-01 10:49:00,19.880682258455234,0.0
2026-02-01 10:50:00,25.884019488892484,0.0
2026-02-01 10:51:00,22.887309657248515,0.0
2026-02-01 10:52:00,19.890552747857413,0.0
2026-02-01 10:53:00,25.893748745277428,0.0
2026-02-01 10:54:00,23.896897634291037,0.0
2026-02-01 10:55:00,18.89999939990502,0.0
2026-02-01 10:56:00,22.903054027350535,0.0
2026-02-01 10:57:00,33.906061502083176,0.0
2026-02-01 10:58:00,21.909021809783063,0.0
2026-02-01 10:59:00,26.911934936354896,0.0
2026-02-01 11:00:00,22.914800867928022,0.0
2026-02-01 11:01:00,19.917619590856496,0.0
2026-02-01 11:02:00,23.920391091719175,0.0
2026-02-01 11:03:00,23.923115357319737,0.0
2026-02-01 11:04:00,17.925792374686786,0.0
2026-02-01 11:05:00,22.92842213107388,0.0
2026-02-01 11:06:00,23.931004613959615,0.0
2026-02-01 11:07:00,16.933539811047684,0.0
2026-02-01 11:08:00,25.936027710266913,0.0
2026-02-01 11:09:00,22.93846829977134,0.0
2026-02-01 11:10:00,23.940861567940267,0.0
2026-02-01 11:11:00,24.943207503378314,0.0
2026-02-01 11:12:00,31.945506094915466,0.0
2026-02-01 11:13:00,28.947757331607143,0.0
2026-02-01 11:14:00,20.949961202734226,0.0
2026-02-01 11:15:00,23.952117697803143,0.0
2026-02-01 11:16:00,10.954226806545886,0.0
2026-02-01 11:17:00,25.95628851892008,0.0
2026-02-01 11:18:00,27.958302825109023,0.0
2026-02-01 11:19:00,21.960269715521733,0.0
2026-02-01 11:20:00,29.962189180792997,0.0
2026-02-01 11:21:00,27.96406121178341,0.0
2026-02-01 11:22:00,22.96588579957943,0.0
2026-02-01 11:23:00,22.9676629354934,0.0
2026-02-01 11:24:00,26.96939261106362,0.0
2026-02-01 11:25:00,23.971074818054348,0.0
2026-02-01 11:26:00,30.972709548455875,0.0
2026-02-01 11:27:00,23.97429679448454,0.0
2026-02-01 11:28:00,26.975836548582787,0.0
2026-02-01 11:29:00,19.97732880341918,0.0
2026-02-01 11:30:00,29.978773551888448,0.0
2026-02-01 11:31:00,29.980170787111525,0.0
2026-02-01 11:32:00,28.981520502435565,0.0
2026-02-01 11:33:00,23.982822691433988,0.0
2026-02-01 11:34:00,27.98407734790652,0.0
2026-02-01 11:35:00,25.985284465879197,0.0
2026-02-01 11:36:00,29.986444039604407,0.0
2026-02-01 11:37:00,30.987556063560923,0.0
2026-02-01 11:38:00,28.98862053245392,0.0
2026-02-01 11:39:00,24.98963744121499,0.0
2026-02-01 11:40:00,28.990606785002207,0.0
2026-02-01 11:41:00,29.991528559200102,0.0
2026-02-01 11:42:00,22.992402759419708,0.0
2026-02-01 11:43:00,31.99322938149858,0.0
2026-02-01 11:44:00,29.994008421500816,0.0
2026-02-01 11:45:00,21.994739875717073,0.0
2026-02-01 11:46:00,25.995423740664577,0.0
2026-02-01 11:47:00,27.996060013087153,0.0
2026-02-01 11:48:00,21.996648689955233,0.0
2026-02-01 11:49:00,18.997189768465873,0.0
2026-02-01 11:50:00,22.99768324604277,0.0
2026-02-01 11:51:00,22.99812912033626,0.0
2026-02-01 11:52:00,21.998527389223337,0.0
2026-02-01 11:53:00,22.99887805080768,0.0
2026-02-01 11:54:00,27.999181103419637,0.0
2026-02-01 11:55:00,22.999436545616238,0.0
2026-02-01 11:56:00,25.999644376181216,0.0
2026-02-01 11:57:00,26.999804594125003,0.0
2026-02-01 11:58:00,23.999917198684727,0.0
2026-02-01 11:59:00,25.999982189324236,0.0
2026-02-01 12:00:00,29.999999565734072,0.0
2026-02-01 12:01:00,25.999969327831504,0.0
2026-02-01 12:02:00,18.999891475760506,0.0
2026-02-01 12:03:00,22.999766009891772,0.0
2026-02-01 12:04:00,28.99959293082269,0.0
2026-02-01 12:05:00,28.999372239377365,0.0
2026-02-01 12:06:00,22.99910393660661,0.0
2026-02-01 12:07:00,24.998788023787927,0.0
2026-02-01 12:08:00,23.998424502425515,0.0
2026-02-01 12:09:00,20.99801337425025,0.0
2026-02-01 12:10:00,25.9975546412197,0.0
2026-02-01 12:11:00,25.99704830551808,0.0
2026-02-01 12:12:00,24.99649436955628,0.0
2026-02-01 12:13:00,20.99589283597183,0.0
2026-02-01 12:14:00,18.995243707628887,0.0
2026-02-01 12:15:00,23.99454698761823,0.0
2026-02-01 12:16:00,22.993802679257247,0.0
2026-02-01 12:17:00,18.993010786089908,0.0
2026-02-01 12:18:00,21.992171311886757,0.0
2026-02-01 12:19:00,20.991284260644903,0.0
2026-02-01 12:20:00,25.990349636587965,0.0
2026-02-01 12:21:00,28.989367444166103,0.0
2026-02-01 12:22:00,28.98833768805595,0.0
2026-02-01 12:23:00,33.98726037316062,0.0
2026-02-01 12:24:00,23.986135504609692,0.0
2026-02-01 12:25:00,23.984963087759127,0.0
2026-02-01 12:26:00,24.983743128191314,0.0
2026-02-01 12:27:00,27.982475631715012,0.0
2026-02-01 12:28:00,24.981160604365318,0.0
2026-02-01 12:29:00,21.97979805240364,0.0
2026-02-01 12:30:00,28.978387982317678,0.0
2026-02-01 12:31:00,22.976930400821388,0.0
2026-02-01 12:32:00,17.975425314854938,0.0
2026-02-01 12:33:00,26.97387273158469,0.0
2026-02-01 12:34:00,26.972272658403174,0.0
2026-02-01 12:35:00,20.97062510292902,0.0
2026-02-01 12:36:00,28.968930073006952,0.0
2026-02-01 12:37:00,25.967187576707737,0.0
2026-02-01 12:38:00,27.965397622328155,0.0
2026-02-01 12:39:00,21.96356021839095,0.0
2026-02-01 12:40:00,22.961675373644795,0.0
2026-02-01 12:41:00,29.959743097064248,0.0
2026-02-01 12:42:00,24.957763397849714,0.0
2026-02-01 12:43:00,31.955736285427392,0.0
2026-02-01 12:44:00,27.95366176944924,0.0
2026-02-01 12:45:00,18.951539859792923,0.0
2026-02-01 12:46:00,25.94937056656177,0.0
2026-02-01 12:47:00,23.947153900084725,0.0
2026-02-01 12:48:00,28.944889870916285,0.0
2026-02-01 12:49:00,28.942578489836478,0.0
2026-02-01 12:50:00,28.940219767850778,0.0
2026-02-01 12:51:00,20.937813716190085,0.0
2026-02-01 12:52:00,28.93536034631065,0.0
2026-02-01 12:53:00,22.932859669894018,0.0
2026-02-01 12:54:00,24.930311698846996,0.0
2026-02-01 12:55:00,22.92771644530157,0.0
2026-02-01 12:56:00,28.92507392161486,0.0
2026-02-01 12:57:00,20.922384140369065,0.0
2026-02-01 12:58:00,21.919647114371394,0.0
2026-02-01 12:59:00,27.916862856654003,0.0
2026-02-01 13:00:00,28.91403138047395,0.0
2026-02-01 13:01:00,25.911152699313114,0.0
2026-02-01 13:02:00,22.90822682687814,0.0
2026-02-01 13:03:00,19.905253777100363,0.0
2026-02-01 13:04:00,24.902233564135756,0.0
2026-02-01 13:05:00,23.899166202364864,0.0
2026-02-01 13:06:00,28.89605170639271,0.0
2026-02-01 13:07:00,25.892890091048763,0.0
2026-02-01 13:08:00,19.88968137138683,0.0
2026-02-01 13:09:00,23.886425562685012,0.0
2026-02-01 13:10:00,16.883122680445616,0.0
2026-02-01 13:11:00,24.879772740395097,0.0
2026-02-01 13:12:00,27.87637575848396,0.0
2026-02-01 13:13:00,25.8729317508867,0.0
2026-02-01 13:14:00,23.869440734001728,0.0
2026-02-01 13:15:00,28.865902724451274,0.0
2026-02-01 13:16:00,22.862317739081334,0.0
2026-02-01 13:17:00,29.85868579496157,0.0
2026-02-01 13:18:00,27.85500690938523,0.0
2026-02-01 13:19:00,20.851281099869084,0.0
2026-02-01 13:20:00,21.84750838415331,0.0
2026-02-01 13:21:00,30.84368878020144,0.0
2026-02-01 13:22:00,35.839822306200254,0.0
2026-02-01 13:23:00,34.83590898055971,0.0
2026-02-01 13:24:00,21.831948821912825,0.0
2026-02-01 13:25:00,28.82794184911564,0.0
2026-02-01 13:26:00,24.823888081247066,0.0
2026-02-01 13:27:00,23.81978753760885,0.0
2026-02-01 13:28:00,23.815640237725447,0.0
2026-02-01 13:29:00,25.81144620134394,0.0
2026-02-01 13:30:00,24.807205448433955,0.0
2026-02-01 13:31:00,29.802917999187528,0.0
2026-02-01 13:32:00,27.798583874019073,0.0
2026-02-01 13:33:00,18.794203093565216,0.0
2026-02-01 13:34:00,20.78977567868475,0.0
2026-02-01 13:35:00,35.78530165045851,0.0
2026-02-01 13:36:00,22.780781030189267,0.0
2026-02-01 13:37:00,33.77621383940165,0.0
2026-02-01 13:38:00,22.771600099842022,0.0
2026-02-01 13:39:00,22.76693983347839,0.0
2026-02-01 13:40:00,28.762233062500293,0.0
2026-02-01 13:41:00,22.757479809318696,0.0
2026-02-01 13:42:00,32.75268009656588,0.0
2026-02-01 13:43:00,27.747833947095373,0.0
2026-02-01 13:44:00,23.74294138398176,0.0
2026-02-01 13:45:00,22.738002430520652,0.0
2026-02-01 13:46:00,22.733017110228538,0.0
2026-02-01 13:47:00,27.72798544684268,0.0
2026-02-01 13:48:00,15.722907464320999,0.0
2026-02-01 13:49:00,21.717783186841956,0.0
2026-02-01 13:50:00,21.71261263880445,0.0
2026-02-01 13:51:00,22.707395844827694,0.0
2026-02-01 13:52:00,25.70213282975109,0.0
2026-02-01 13:53:00,25.696823618634127,0.0
2026-02-01 13:54:00,28.691468236756243,0.0
2026-02-01 13:55:00,20.686066709616732,0.0
2026-02-01 13:56:00,24.680619062934582,0.0
2026-02-01 13:57:00,19.675125322648405,0.0
2026-02-01 13:58:00,32.66958551491626,0.0
2026-02-01 13:59:00,24.663999666115558,0.0
2026-02-01 14:00:00,26.658367802842942,0.0
2026-02-01 14:01:00,23.65268995191414,0.0
2026-02-01 14:02:00,26.64696614036385,0.0
2026-02-01 14:03:00,25.64119639544561,0.0
2026-02-01 14:04:00,19.635380744631668,0.0
2026-02-01 14:05:00,21.629519215612838,0.0
2026-02-01 14:06:00,22.623611836298394,0.0
2026-02-01 14:07:00,28.617658634815914,0.0
2026-02-01 14:08:00,23.611659639511164,0.0
2026-02-01 14:09:00,22.605614878947947,0.0
2026-02-01 14:10:00,22.599524381907973,0.0
2026-02-01 14:11:00,23.59338817739073,0.0
2026-02-01 14:12:00,23.587206294613335,0.0
2026-02-01 14:13:00,25.580978763010393,0.0
2026-02-01 14:14:00,27.574705612233878,0.0
2026-02-01 14:15:00,23.568386872152963,0.0
2026-02-01 14:16:00,22.56202257285389,0.0
2026-02-01 14:17:00,23.555612744639845,0.0
2026-02-01 14:18:00,20.54915741803078,0.0
2026-02-01 14:19:00,33.54265662376329,0.0
2026-02-01 14:20:00,22.53611039279046,0.0
2026-02-01 14:21:00,21.52951875628172,0.0
2026-02-01 14:22:00,19.522881745622698,0.0
2026-02-01 14:23:00,26.516199392415068,0.0
2026-02-01 14:24:00,28.509471728476388,0.0
2026-02-01 14:25:00,19.502698785839975,0.0
2026-02-01 14:26:00,27.49588059675473,0.0
2026-02-01 14:27:00,20.48901719368499,0.0
2026-02-01 14:28:00,23.482108609310384,0.0
2026-02-01 14:29:00,24.475154876525657,0.0
2026-02-01 14:30:00,24.468156028440536,0.0
2026-02-01 14:31:00,24.46111209837955,0.0
2026-02-01 14:32:00,27.454023119881896,0.0
2026-02-01 14:33:00,26.446889126701258,0.0
2026-02-01 14:34:00,24.43971015280565,0.0
2026-02-01 14:35:00,20.43248623237727,0.0
2026-02-01 14:36:00,35.42521739981231,0.0
2026-02-01 14:37:00,20.417903689720838,0.0
2026-02-01 14:38:00,24.41054513692656,0.0
2026-02-01 14:39:00,33.40314177646674,0.0
2026-02-01 14:40:00,23.395693643591958,0.0
2026-02-01 14:41:00,25.388200773765995,0.0
2026-02-01 14:42:00,25.38066320266563,0.0
2026-02-01 14:43:00,28.373080966180503,0.0
2026-02-01 14:44:00,24.3654541004129,0.0
2026-02-01 14:45:00,21.35778264167763,0.0
2026-02-01 14:46:00,22.35006662650181,0.0
2026-02-01 14:47:00,22.34230609162472,0.0
2026-02-01 14:48:00,21.33450107399762,0.0
2026-02-01 14:49:00,26.326651610783564,0.0
2026-02-01 14:50:00,24.318757739357224,0.0
2026-02-01 14:51:00,17.31081949730474,0.0
2026-02-01 14:52:00,28.302836922423495,0.0
2026-02-01 14:53:00,24.294810052721985,0.0
2026-02-01 14:54:00,24.286738926419595,0.0
2026-02-01 14:55:00,29.278623581946437,0.0
2026-02-01 14:56:00,17.270464057943165,0.0
2026-02-01 14:57:00,26.262260393260803,0.0
2026-02-01 14:58:00,26.25401262696053,0.0
2026-02-01 14:59:00,23.24572079831352,0.0
2026-02-01 15:00:00,28.237384946800752,0.0
2026-02-01 15:01:00,25.2290051121128,0.0
2026-02-01 15:02:00,18.220581334149692,0.0
2026-02-01 15:03:00,19.21211365302065,0.0
2026-02-01 15:04:00,15.203602109043969,0.0
2026-02-01 15:05:00,23.195046742746776,0.0
2026-02-01 15:06:00,20.186447594864863,0.0
2026-02-01 15:07:00,21.177804706342485,0.0
2026-02-01 15:08:00,25.169118118332158,0.0
2026-02-01 15:09:00,29.160387872194484,0.0
2026-02-01 15:10:00,23.151614009497923,0.0
2026-02-01 15:11:00,20.142796572018625,0.0
2026-02-01 15:12:00,21.133935601740212,0.0
2026-02-01 15:13:00,18.125031140853594,0.0
2026-02-01 15:14:00,29.11608323175674,0.0
2026-02-01 15:15:00,17.10709191705451,0.0
2026-02-01 15:16:00,25.098057239558436,0.0
2026-02-01 15:17:00,25.08897924228651,0.0
2026-02-01 15:18:00,25.079857968462996,0.0
2026-02-01 15:19:00,21.070693461518218,0.0
2026-02-01 15:20:00,17.061485765088342,0.0
2026-02-01 15:21:00,24.052234923015185,0.0
2026-02-01 15:22:00,23.042940979346,0.0
2026-02-01 15:23:00,30.03360397833326,0.0
2026-02-01 15:24:00,30.024223964434455,0.0
2026-02-01 15:25:00,22.01480098231188,0.0
2026-02-01 15:26:00,17.005335076832413,0.0
2026-02-01 15:27:00,27.995826293067324,0.0
2026-02-01 15:28:00,30.986274676292027,0.0
2026-02-01 15:29:00,31.97668027198589,0.0
2026-02-01 15:30:00,24.96704312583202,0.0
2026-02-01 15:31:00,26.957363283717015,0.0
2026-02-01 15:32:00,24.94764079173079,0.0
2026-02-01 15:33:00,27.937875696166323,0.0
2026-02-01 15:34:00,25.928068043519442,0.0
2026-02-01 15:35:00,27.91821788048862,0.0
2026-02-01 15:36:00,20.908325253974724,0.0
2026-02-01 15:37:00,23.898390211080823,0.0
2026-02-01 15:38:00,16.88841279911194,0.0
2026-02-01 15:39:00,22.878393065574837,0.0
2026-02-01 15:40:00,26.868331058177795,0.0
2026-02-01 15:41:00,22.858226824830368,0.0
2026-02-01 15:42:00,22.848080413643167,0.0
2026-02-01 15:43:00,23.83789187292764,0.0
2026-02-01 15:44:00,15.82766125119582,0.0
2026-02-01 15:45:00,20.817388597160114,0.0
2026-02-01 15:46:00,28.80707395973306,0.0
2026-02-01 15:47:00,28.796717388027094,0.0
2026-02-01 15:48:00,20.786318931354323,0.0
2026-02-01 15:49:00,28.775878639226292,0.0
2026-02-01 15:50:00,28.765396561353725,0.0
2026-02-01 15:51:00,26.754872747646328,0.0
2026-02-01 15:52:00,26.74430724821251,0.0
2026-02-01 15:53:00,25.733700113359184,0.0
2026-02-01 15:54:00,22.72305139359148,0.0
2026-02-01 15:55:00,27.712361139612558,0.0
2026-02-01 15:56:00,29.70162940232332,0.0
2026-02-01 15:57:00,20.69085623282221,0.0
2026-02-01 15:58:00,28.68004168240493,0.0
2026-02-01 15:59:00,20.669185802564215,0.0
2026-02-01 16:00:00,20.658288644989604,0.0
2026-02-01 16:01:00,25.647350261567155,0.0
2026-02-01 16:02:00,23.636370704379235,0.0
2026-02-01 16:03:00,27.625350025704257,0.0
2026-02-01 16:04:00,29.61428827801642,0.0
2026-02-01 16:05:00,14.603185513985483,0.0
2026-02-01 16:06:00,20.592041786476493,0.0
2026-02-01 16:07:00,17.58085714854954,0.0
2026-02-01 16:08:00,23.569631653459524,0.0
2026-02-01 16:09:00,23.558365354655855,0.0
2026-02-01 16:10:00,25.547058305782254,0.0
2026-02-01 16:11:00,21.53571056067645,0.0
2026-02-01 16:12:00,22.52432217336996,0.0
2026-02-01 16:13:00,23.51289319808781,0.0
2026-02-01 16:14:00,21.501423689248277,0.0
2026-02-01 16:15:00,20.489913701462644,0.0
2026-02-01 16:16:00,20.47836328953493,0.0
2026-02-01 16:17:00,26.466772508461624,0.0
2026-02-01 16:18:00,18.455141413431445,0.0
2026-02-01 16:19:00,20.443470059825046,0.0
2026-02-01 16:20:00,30.43175850321478,0.0
2026-02-01 16:21:00,26.420006799364423,0.0
2026-02-01 16:22:00,22.408215004228907,0.0
2026-02-01 16:23:00,20.39638317395405,0.0
2026-02-01 16:24:00,26.38451136487631,0.0
2026-02-01 16:25:00,18.372599633522487,0.0
2026-02-01 16:26:00,21.360648036609472,0.0
2026-02-01 16:27:00,24.348656631043973,0.0
2026-02-01 16:28:00,30.336625473922258,0.0
2026-02-01 16:29:00,23.32455462252984,0.0
2026-02-01 16:30:00,20.312444134341263,0.0
2026-02-01 16:31:00,24.300294067019777,0.0
2026-02-01 16:32:00,25.2881044784171,0.0
2026-02-01 16:33:00,21.275875426573123,0.0
2026-02-01 16:34:00,28.263606969715635,0.0
2026-02-01 16:35:00,26.251299166260054,0.0
2026-02-01 16:36:00,19.23895207480914,0.0
2026-02-01 16:37:00,25.22656575415273,0.0
2026-02-01 16:38:00,30.214140263267435,0.0
2026-02-01 16:39:00,23.201675661316376,0.0
2026-02-01 16:40:00,20.189172007648903,0.0
2026-02-01 16:41:00,27.17662936180031,0.0
2026-02-01 16:42:00,26.164047783491533,0.0
2026-02-01 16:43:00,27.151427332628913,0.0
2026-02-01 16:44:00,24.138768069303843,0.0
2026-02-01 16:45:00,19.12607005379255,0.0
2026-02-01 16:46:00,24.113333346555763,0.0
2026-02-01 16:47:00,20.10055800823843,0.0
2026-02-01 16:48:00,16.087744099669465,0.0
2026-02-01 16:49:00,21.074891681861402,0.0
2026-02-01 16:50:00,19.062000816010155,0.0
2026-02-01 16:51:00,17.049071563494692,0.0
2026-02-01 16:52:00,22.036103985876764,0.0
2026-02-01 16:53:00,16.023098144900608,0.0
2026-02-01 16:54:00,15.01005410249264,0.0
2026-02-01 16:55:00,20.996971920761172,0.0
2026-02-01 16:56:00,17.983851661996123,0.0
2026-02-01 16:57:00,23.970693388668696,0.0
2026-02-01 16:58:00,23.957497163431114,0.0
2026-02-01 16:59:00,14.944263049116296,0.0
2026-02-01 17:00:00,23.93099110873757,0.0
2026-02-01 17:01:00,15.917681405488374,0.0
2026-02-01 17:02:00,25.90433400274194,0.0
2026-02-01 17:03:00,22.89094896405102,0.0
2026-02-01 17:04:00,19.87752635314755,0.0
2026-02-01 17:05:00,21.86406623394238,0.0
2026-02-01 17:06:00,24.85056867052494,0.0
2026-02-01 17:07:00,30.837033727162954,0.0
2026-02-01 17:08:00,21.823461468302124,0.0
2026-02-01 17:09:00,24.809851958565833,0.0
2026-02-01 17:10:00,26.796205262754828,0.0
2026-02-01 17:11:00,19.782521445846918,0.0
2026-02-01 17:12:00,19.768800572996653,0.0
2026-02-01 17:13:00,18.755042709535036,0.0
2026-02-01 17:14:00,25.741247920969187,0.0
2026-02-01 17:15:00,22.727416272982044,0.0
2026-02-01 17:16:00,27.713547831432056,0.0
2026-02-01 17:17:00,17.69964266235285,0.0
2026-02-01 17:18:00,24.685700831952943,0.0
2026-02-01 17:19:00,28.671722406615398,0.0
2026-02-01 17:20:00,23.657707452897533,0.0
2026-02-01 17:21:00,25.643656037530587,0.0
2026-02-01 17:22:00,22.629568227419412,0.0
2026-02-01 17:23:00,22.615444089642153,0.0
2026-02-01 17:24:00,27.601283691449915,0.0
2026-02-01 17:25:00,23.587087100266473,0.0
2026-02-01 17:26:00,16.57285438368792,0.0
2026-02-01 17:27:00,22.558585609482357,0.0
2026-02-01 17:28:00,18.54428084558958,0.0
2026-02-01 17:29:00,28.52994016012073,0.0
2026-02-01 17:30:00,23.515563621358012,0.0
2026-02-01 17:31:00,28.501151297754326,0.0
2026-02-01 17:32:00,20.486703257932955,0.0
2026-02-01 17:33:00,21.47221957068726,0.0
2026-02-01 17:34:00,27.457700304980314,0.0
2026-02-01 17:35:00,19.443145529944616,0.0
2026-02-01 17:36:00,28.428555314881727,0.0
2026-02-01 17:37:00,23.41392972926195,0.0
2026-02-01 17:38:00,16.399268842724016,0.0
2026-02-01 17:39:00,23.38457272507473,0.0
2026-02-01 17:40:00,24.36984144628864,0.0
2026-02-01 17:41:00,22.35507507650773,0.0
2026-02-01 17:42:00,18.340273686041055,0.0
2026-02-01 17:43:00,24.325437345364417,0.0
2026-02-01 17:44:00,22.31056612512004,0.0
2026-02-01 17:45:00,21.29566009611622,0.0
2026-02-01 17:46:00,22.280719329326985,0.0
2026-02-01 17:47:00,22.26574389589178,0.0
2026-02-01 17:48:00,23.250733867115102,0.0
2026-02-01 17:49:00,31.23568931446617,0.0
2026-02-01 17:50:00,16.220610309578596,0.0
2026-02-01 17:51:00,22.205496924250028,0.0
2026-02-01 17:52:00,25.19034923044181,0.0
2026-02-01 17:53:00,24.17516730027865,0.0
2026-02-01 17:54:00,24.159951206048266,0.0
2026-02-01 17:55:00,19.144701020201047,0.0
2026-02-01 17:56:00,23.129416815349714,0.0
2026-02-01 17:57:00,24.114098664268955,0.0
2026-02-01 17:58:00,24.098746639895094,0.0
2026-02-01 17:59:00,26.08336081532575,0.0
2026-02-01 18:00:00,62.06794126381946,1.0
2026-02-01 18:01:00,56.05248805879538,1.0
2026-02-01 18:02:00,55.03700127383287,1.0
2026-02-01 18:03:00,56.0214809826712,1.0
2026-02-01 18:04:00,57.00592725920917,1.0
2026-02-01 18:05:00,53.99034017750478,1.0
2026-02-01 18:06:00,56.97471981177484,1.0
2026-02-01 18:07:00,61.95906623639465,1.0
2026-02-01 18:08:00,56.94337952589763,1.0
2026-02-01 18:09:00,62.927659754975,1.0
2026-02-01 18:10:00,61.911906998475345,1.0
2026-02-01 18:11:00,51.89612133140436,1.0
2026-02-01 18:12:00,62.88030282892439,1.0
2026-02-01 18:13:00,54.86445156635417,1.0
2026-02-01 18:14:00,56.8485676191684,1.0
2026-02-01 18:15:00,58.832651062997385,1.0
2026-02-01 18:16:00,53.81670197362675,1.0
2026-02-01 18:17:00,50.80072042699695,1.0
2026-02-01 18:18:00,53.78470649920306,1.0
2026-02-01 18:19:00,55.76866026649428,1.0
2026-02-01 18:20:00,52.75258180527365,1.0
2026-02-01 18:21:00,65.73647119209767,1.0
2026-02-01 18:22:00,59.7203285036759,1.0
2026-02-01 18:23:00,56.704153816870665,1.0
2026-02-01 18:24:00,59.68794720869662,1.0
2026-02-01 18:25:00,61.67170875632041,1.0
2026-02-01 18:26:00,54.655438537060334,1.0
2026-02-01 18:27:00,52.6391366283859,1.0
2026-02-01 18:28:00,52.62280310791755,1.0
2026-02-01 18:29:00,55.60643805342621,1.0
2026-02-01 18:30:00,61.590041542832964,1.0
2026-02-01 18:31:00,61.57361365420868,1.0
2026-02-01 18:32:00,61.55715446577362,1.0
2026-02-01 18:33:00,59.54066405589708,1.0
2026-02-01 18:34:00,60.52414250309703,1.0
2026-02-01 18:35:00,56.507589886039696,1.0
2026-02-01 18:36:00,53.49100628353922,1.0
2026-02-01 18:37:00,59.47439177455732,1.0
2026-02-01 18:38:00,56.457746438202804,1.0
2026-02-01 18:39:00,53.441070353731334,1.0
2026-02-01 18:40:00,57.42436360054492,1.0
2026-02-01 18:41:00,55.40762625819163,1.0
2026-02-01 18:42:00,50.390858406365176,1.0
2026-02-01 18:43:00,50.37406012490453,1.0
2026-02-01 18:44:00,50.357231493793556,1.0
2026-02-01 18:45:00,54.34037259316064,1.0
2026-02-01 18:46:00,66.32348350327825,1.0
2026-02-01 18:47:00,62.30656430456267,1.0
2026-02-01 18:48:00,52.28961507757349,1.0
2026-02-01 18:49:00,52.272635903013274,1.0
2026-02-01 18:50:00,53.25562686172722,1.0
2026-02-01 18:51:00,53.2385880347027,1.0
2026-02-01 18:52:00,64.22151950306893,1.0
2026-02-01 18:53:00,57.204421348096545,1.0
2026-02-01 18:54:00,55.187293651197244,1.0
2026-02-01 18:55:00,55.17013649392338,1.0
2026-02-01 18:56:00,55.15294995796757,1.0
2026-02-01 18:57:00,55.13573412516235,1.0
2026-02-01 18:58:00,50.11848907747971,1.0
2026-02-01 18:59:00,57.101214897030765,1.0
2026-02-01 19:00:00,26.083911666065344,0.0
2026-02-01 19:01:00,20.066579466971593,0.0
2026-02-01 19:02:00,26.049218382275594,0.0
2026-02-01 19:03:00,16.031828494640955,0.0
2026-02-01 19:04:00,22.014409886868442,0.0
2026-02-01 19:05:00,20.99696264189555,0.0
2026-02-01 19:06:00,25.97948684279615,0.0
2026-02-01 19:07:00,29.961982572780062,0.0
2026-02-01 19:08:00,22.94444991519266,0.0
2026-02-01 19:09:00,13.926888953514498,0.0
2026-02-01 19:10:00,17.909299771360885,0.0
2026-02-01 19:11:00,22.89168245248151,0.0
2026-02-01 19:12:00,15.874037080760033,0.0
2026-02-01 19:13:00,17.856363740213673,0.0
2026-02-01 19:14:00,17.838662514992837,0.0
2026-02-01 19:15:00,23.82093348938069,0.0
2026-02-01 19:16:00,23.803176747792772,0.0
2026-02-01 19:17:00,20.7853923747766,0.0
2026-02-01 19:18:00,21.767580455011235,0.0
2026-02-01 19:19:00,20.74974107330692,0.0
2026-02-01 19:20:00,12.731874314604644,0.0
2026-02-01 19:21:00,18.713980263975753,0.0
2026-02-01 19:22:00,16.696059006621546,0.0
2026-02-01 19:23:00,19.67811062787286,0.0
2026-02-01 19:24:00,16.66013521318967,0.0
2026-02-01 19:25:00,16.642132848160678,0.0
2026-02-01 19:26:00,18.624103618502915,0.0
2026-02-01 19:27:00,15.60604761006132,0.0
2026-02-01 19:28:00,25.58796490880834,0.0
2026-02-01 19:29:00,16.569855600843514,0.0
2026-02-01 19:30:00,19.551719772393078,0.0
2026-02-01 19:31:00,23.53355750980953,0.0
2026-02-01 19:32:00,22.515368899571243,0.0
2026-02-01 19:33:00,24.49715402828203,0.0
2026-02-01 19:34:00,16.478912982670757,0.0
2026-02-01 19:35:00,21.46064584959091,0.0
2026-02-01 19:36:00,13.442352716020196,0.0
2026-02-01 19:37:00,19.424033669060115,0.0
2026-02-01 19:38:00,14.405688795935545,0.0
2026-02-01 19:39:00,15.38731818399435,0.0
2026-02-01 19:40:00,31.36892192070694,0.0
2026-02-01 19:41:00,18.350500093665858,0.0
2026-02-01 19:42:00,22.332052790585372,0.0
2026-02-01 19:43:00,23.31358009930105,0.0
2026-02-01 19:44:00,16.295082107769343,0.0
2026-02-01 19:45:00,19.276558904067176,0.0
2026-02-01 19:46:00,25.25801057639151,0.0
2026-02-01 19:47:00,31.239437213058935,0.0
2026-02-01 19:48:00,20.220838902505246,0.0
2026-02-01 19:49:00,22.202215733285026,0.0
2026-02-01 19:50:00,20.183567794071223,0.0
2026-02-01 19:51:00,12.16489517365471,0.0
2026-02-01 19:52:00,18.1461979609439,0.0
2026-02-01 19:53:00,25.127476244964285,0.0
2026-02-01 19:54:00,19.108730114858027,0.0
2026-02-01 19:55:00,20.08995965988355,0.0
2026-02-01 19:56:00,19.071164969415083,0.0
2026-02-01 19:57:00,20.052346132942255,0.0
2026-02-01 19:58:00,24.033503240069667,0.0
2026-02-01 19:59:00,19.01463638051646,0.0
2026-02-01 20:00:00,23.9957456441159,0.0
2026-02-01 20:01:00,25.97683112081492,0.0
2026-02-01 20:02:00,20.957892900673745,0.0
2026-02-01 20:03:00,25.93893107386539,0.0
2026-02-01 20:04:00,18.91994573067531,0.0
2026-02-01 20:05:00,20.900936961500907,0.0
2026-02-01 20:06:00,19.881904856851136,0.0
2026-02-01 20:07:00,14.862849507346057,0.0
2026-02-01 20:08:00,18.84377100371641,0.0
2026-02-01 20:09:00,22.82466943680318,0.0
2026-02-01 20:10:00,17.805544897557176,0.0
2026-02-01 20:11:00,25.78639747703857,0.0
2026-02-01 20:12:00,20.767227266416505,0.0
2026-02-01 20:13:00,20.748034356968613,0.0
2026-02-01 20:14:00,21.72881884008062,0.0
2026-02-01 20:15:00,28.7095808072459,0.0
2026-02-01 20:16:00,13.690320350065011,0.0
2026-02-01 20:17:00,24.671037560245317,0.0
2026-02-01 20:18:00,21.65173252960049,0.0
2026-02-01 20:19:00,19.632405350050114,0.0
2026-02-01 20:20:00,24.61305611361923,0.0
2026-02-01 20:21:00,21.593684912437894,0.0
2026-02-01 20:22:00,12.57429183874076,0.0
2026-02-01 20:23:00,20.554876984866613,0.0
2026-02-01 20:24:00,22.535440443257954,0.0
2026-02-01 20:25:00,18.515982306460543,0.0
2026-02-01 20:26:00,22.49650266712296,0.0
2026-02-01 20:27:00,17.477001617996176,0.0
2026-02-01 20:28:00,13.457479251933101,0.0
2026-02-01 20:29:00,18.437935661888137,0.0
2026-02-01 20:30:00,18.418370940916756,0.0
2026-02-01 20:31:00,24.39878518217503,0.0
2026-02-01 20:32:00,23.3791784789192,0.0
2026-02-01 20:33:00,21.35955092450526,0.0
2026-02-01 20:34:00,21.339902612388446,0.0
2026-02-01 20:35:00,20.320233636122857,0.0
2026-02-01 20:36:00,14.30054408936097,0.0
2026-02-01 20:37:00,13.280834065853217,0.0
2026-02-01 20:38:00,24.261103659447528,0.0
2026-02-01 20:39:00,23.24135296408887,0.0
2026-02-01 20:40:00,30.22158207381883,0.0
2026-02-01 20:41:00,20.201791082775145,0.0
2026-02-01 20:42:00,16.181980085191267,0.0
2026-02-01 20:43:00,21.1621491753959,0.0
2026-02-01 20:44:00,26.142298447812557,0.0
2026-02-01 20:45:00,21.12242799695913,0.0
2026-02-01 20:46:00,20.10253791744739,0.0
2026-02-01 20:47:00,15.082628303982597,0.0
2026-02-01 20:48:00,17.062699251363014,0.0
2026-02-01 20:49:00,19.04275085447945,0.0
2026-02-01 20:50:00,17.02278320831484,0.0
2026-02-01 20:51:00,17.002796407943755,0.0
2026-02-01 20:52:00,18.982790548531973,0.0
2026-02-01 20:53:00,19.96276572533603,0.0
2026-02-01 20:54:00,15.942722033702742,0.0
2026-02-01 20:55:00,21.922659569068777,0.0
2026-02-01 20:56:00,20.90257842696018,0.0
2026-02-01 20:57:00,18.882478702991936,0.0
2026-02-01 20:58:00,12.862360492867506,0.0
2026-02-01 20:59:00,29.84222389237836,0.0
2026-02-01 21:00:00,18.822068997403548,0.0
2026-02-01 21:01:00,17.801895903909216,0.0
2026-02-01 21:02:00,17.78170470794817,0.0
2026-02-01 21:03:00,16.761495505659404,0.0
2026-02-01 21:04:00,17.741268393267646,0.0
2026-02-01 21:05:00,17.72102346708291,0.0
2026-02-01 21:06:00,16.700760823500023,0.0
2026-02-01 21:07:00,16.68048055899817,0.0
2026-02-01 21:08:00,22.660182770140445,0.0
2026-02-01 21:09:00,24.63986755357337,0.0
2026-02-01 21:10:00,18.61953500602647,0.0
2026-02-01 21:11:00,24.59918522431176,0.0
2026-02-01 21:12:00,21.57881830532334,0.0
2026-02-01 21:13:00,13.558434346036904,0.0
2026-02-01 21:14:00,16.538033443509264,0.0
2026-02-01 21:15:00,25.51761569487793,0.0
2026-02-01 21:16:00,20.4971811973606,0.0
2026-02-01 21:17:00,22.47673004825474,0.0
2026-02-01 21:18:00,23.4562623449371,0.0
2026-02-01 21:19:00,18.43577818486324,0.0
2026-02-01 21:20:00,14.415277665567084,0.0
2026-02-01 21:21:00,22.394760884660446,0.0
2026-02-01 21:22:00,15.37422793983258,0.0
2026-02-01 21:23:00,18.353678928849693,0.0
2026-02-01 21:24:00,20.333113949554487,0.0
2026-02-01 21:25:00,17.312533099865703,0.0
2026-02-01 21:26:00,19.291936477777654,0.0
2026-02-01 21:27:00,21.27132418135973,0.0
2026-02-01 21:28:00,15.25069630875598,0.0
2026-02-01 21:29:00,16.230052958184594,0.0
2026-02-01 21:30:00,12.20939422793748,0.0
2026-02-01 21:31:00,19.188720216379767,0.0
2026-02-01 21:32:00,11.168031021949332,0.0
2026-02-01 21:33:00,19.14732674315637,0.0
2026-02-01 21:34:00,14.126607478582873,0.0
2026-02-01 21:35:00,17.105873326882204,0.0
2026-02-01 21:36:00,14.085124386778611,0.0
2026-02-01 21:37:00,22.06436075706674,0.0
2026-02-01 21:38:00,24.043582536611197,0.0
2026-02-01 21:39:00,18.02278982434605,0.0
2026-02-01 21:40:00,17.001982719274373,0.0
2026-02-01 21:41:00,13.981161320467777,0.0
2026-02-01 21:42:00,19.960325727065918,0.0
2026-02-01 21:43:00,20.939476038276048,0.0
2026-02-01 21:44:00,23.91861235337253,0.0
2026-02-01 21:45:00,15.89773477169637,0.0
2026-02-01 21:46:00,15.876843392654749,0.0
2026-02-01 21:47:00,21.855938315720522,0.0
2026-02-01 21:48:00,18.835019640431792,0.0
2026-02-01 21:49:00,18.81408746639139,0.0
2026-02-01 21:50:00,14.793141893266426,0.0
2026-02-01 21:51:00,17.77218302078782,0.0
2026-02-01 21:52:00,18.7512109487498,0.0
2026-02-01 21:53:00,14.730225777009455,0.0
2026-02-01 21:54:00,21.709227605486234,0.0
2026-02-01 21:55:00,16.68821653416149,0.0
2026-02-01 21:56:00,19.667192663078012,0.0
2026-02-01 21:57:00,15.646156092339504,0.0
2026-02-01 21:58:00,18.62510692211017,0.0
2026-02-01 21:59:00,20.604045252614178,0.0
2026-02-01 22:00:00,14.582971184135234,0.0
2026-02-01 22:01:00,21.561884817016068,0.0
2026-02-01 22:02:00,15.540786251657968,0.0
2026-02-01 22:03:00,18.51967558852031,0.0
2026-02-01 22:04:00,15.498552928120066,0.0
2026-02-01 22:05:00,15.477418371031337,0.0
2026-02-01 22:06:00,19.456272017884874,0.0
2026-02-01 22:07:00,16.435113969367578,0.0
2026-02-01 22:08:00,9.413944326222051,0.0
2026-02-01 22:09:00,9.392763189246095,0.0
2026-02-01 22:10:00,24.371570659292246,0.0
2026-02-01 22:11:00,13.35036683726728,0.0
2026-02-01 22:12:00,21.329151824131742,0.0
2026-02-01 22:13:00,8.307925720899467,0.0
2026-02-01 22:14:00,14.286688628637082,0.0
2026-02-01 22:15:00,16.26544064846355,0.0
2026-02-01 22:16:00,31.24418188154968,0.0
2026-02-01 22:17:00,14.222912429117617,0.0
2026-02-01 22:18:00,12.20163239244041,0.0
2026-02-01 22:19:00,16.180341872841502,0.0
2026-02-01 22:20:00,15.159040971694228,0.0
2026-02-01 22:21:00,15.137729790421382,0.0
2026-02-01 22:22:00,13.11640843049468,0.0
2026-02-01 22:23:00,18.095076993434322,0.0
2026-02-01 22:24:00,20.07373558080849,0.0
2026-02-01 22:25:00,20.05238429423284,0.0
2026-02-01 22:26:00,18.03102323537008,0.0
2026-02-01 22:27:00,19.00965250592941,0.0
2026-02-01 22:28:00,17.9882722076661,0.0
2026-02-01 22:29:00,14.96688244238098,0.0
2026-02-01 22:30:00,15.945483311919942,0.0
2026-02-01 22:31:00,24.924074918173485,0.0
2026-02-01 22:32:00,17.9026573630762,0.0
2026-02-01 22:33:00,16.88123074860632,0.0
2026-02-01 22:34:00,19.859795176785195,0.0
2026-02-01 22:35:00,21.838350749676824,0.0
2026-02-01 22:36:00,17.816897569387386,0.0
2026-02-01 22:37:00,16.79543573806472,0.0
2026-02-01 22:38:00,12.773965357897874,0.0
2026-02-01 22:39:00,11.752486531116586,0.0
2026-02-01 22:40:00,13.730999359990816,0.0
2026-02-01 22:41:00,21.709503946830264,0.0
2026-02-01 22:42:00,19.688000393983852,0.0
2026-02-01 22:43:00,14.666488803839284,0.0
2026-02-01 22:44:00,15.644969278822522,0.0
2026-02-01 22:45:00,22.623441921397305,0.0
2026-02-01 22:46:00,15.601906834064671,0.0
2026-02-01 22:47:00,16.580364119362457,0.0
2026-02-01 22:48:00,12.55881387986483,0.0
2026-02-01 22:49:00,22.537256218181778,0.0
2026-02-01 22:50:00,12.515691236958622,0.0
2026-02-01 22:51:00,17.49411903887555,0.0
2026-02-01 22:52:00,20.4725397266471,0.0
2026-02-01 22:53:00,17.450953403021682,0.0
2026-02-01 22:54:00,14.42936017078111,0.0
2026-02-01 22:55:00,13.407760132740066,0.0
2026-02-01 22:56:00,15.386153391745662,0.0
2026-02-01 22:57:00,15.3645400506769,0.0
2026-02-01 22:58:00,18.342920212444234,0.0
2026-02-01 22:59:00,17.32129397998904,0.0
2026-02-01 23:00:00,12.299661456283133,0.0
2026-02-01 23:01:00,17.278022744328304,0.0
2026-02-01 23:02:00,13.256377947155782,0.0
2026-02-01 23:03:00,14.234727167825795,0.0
2026-02-01 23:04:00,14.213070509427046,0.0
2026-02-01 23:05:00,30.19140807507622,0.0
2026-02-01 23:06:00,20.16973996791753,0.0
2026-02-01 23:07:00,19.14806629112216,0.0
2026-02-01 23:08:00,18.12638714788785,0.0
2026-02-01 23:09:00,22.104702641438358,0.0
2026-02-01 23:10:00,12.083012875022964,0.0
2026-02-01 23:11:00,24.061317951916013,0.0
2026-02-01 23:12:00,20.039617975416387,0.0
2026-02-01 23:13:00,18.01791304884704,0.0
2026-02-01 23:14:00,14.996203275554493,0.0
2026-02-01 23:15:00,18.97448875890834,0.0
2026-02-01 23:16:00,12.952769602300766,0.0
2026-02-01 23:17:00,11.931045909146048,0.0
2026-02-01 23:18:00,9.909317782880056,0.0
2026-02-01 23:19:00,12.887585326959782,0.0
2026-02-01 23:20:00,15.865848644862814,0.0
2026-02-01 23:21:00,17.84410784008688,0.0
2026-02-01 23:22:00,21.82236301614934,0.0
2026-02-01 23:23:00,19.800614276586664,0.0
2026-02-01 23:24:00,16.778861724954,0.0
2026-02-01 23:25:00,17.757105464824622,0.0
2026-02-01 23:26:00,12.735345599789476,0.0
2026-02-01 23:27:00,18.71358223345667,0.0
2026-02-01 23:28:00,15.691815469450974,0.0
2026-02-01 23:29:00,11.67004541141335,0.0
2026-02-01 23:30:00,10.648272163000428,0.0
2026-02-01 23:31:00,14.626495827884042,0.0
2026-02-01 23:32:00,13.604716509750725,0.0
2026-02-01 23:33:00,16.582934312301198,0.0
2026-02-01 23:34:00,13.561149339249909,0.0
2026-02-01 23:35:00,4.539361694324503,0.0
2026-02-01 23:36:00,20.517571481265367,0.0
2026-02-01 23:37:00,15.495778803825107,0.0
2026-02-01 23:38:00,13.473983765768056,0.0
2026-02-01 23:39:00,22.4521864708698,0.0
2026-02-01 23:40:00,12.430387022916658,0.0
2026-02-01 23:41:00,10.40858552570521,0.0
2026-02-01 23:42:00,12.386782083041796,0.0
2026-02-01 23:43:00,21.364976798742006,0.0
2026-02-01 23:44:00,10.34316977663021,0.0
2026-02-01 23:45:00,15.321361120539045,0.0
2026-02-01 23:46:00,13.299550934308936,0.0
2026-02-01 23:47:00,21.277739321787593,0.0
2026-02-01 23:48:00,14.2559263868295,0.0
2026-02-01 23:49:00,13.23411223329547,0.0
2026-02-01 23:50:00,19.212296965052083,0.0
2026-02-01 23:51:00,15.190480685971252,0.0
2026-02-01 23:52:00,16.168663499929696,0.0
2026-02-01 23:53:00,16.146845510808443,0.0
2026-02-01 23:54:00,18.125026822492362,0.0
2026-02-01 23:55:00,17.103207538869633,0.0
2026-02-01 23:56:00,15.081387763831282,0.0
2026-02-01 23:57:00,17.05956760127068,0.0
2026-02-01 23:58:00,9.037747155083018,0.0
2026-02-01 23:59:00,9.015926529164869,0.0
